<?xml version="1.0" encoding="UTF-8"?>
<configuration>

	<include
		resource="org/springframework/boot/logging/logback/defaults.xml" />
	<include
		resource="org/springframework/boot/logging/logback/console-appender.xml" />

	<appender name="CONSOLE"
		class="ch.qos.logback.core.ConsoleAppender">
		<encoder>
			<pattern>%d{yyyy/MM/dd HH:mm:ss.SSS} [%thread] %-5level %logger{36} - %msg%n</pattern>
		</encoder>
	</appender>

	<root level="INFO"  additivity="false">
		<appender-ref ref="CONSOLE" />
	</root>

	<logger name="vap.kikan.dataIko" level="INFO" additivity="false">
		<appender-ref ref="CONSOLE" />
	</logger>

	<logger name="log4jdbc.log4j2" level="ERROR" additivity="false">
		<appender-ref ref="CONSOLE" />
	</logger>

</configuration>
