<?xml version="1.0" encoding="UTF-8" ?>
<!DOCTYPE log4j:configuration SYSTEM "log4j.dtd">

<log4j:configuration xmlns:log4j='http://jakarta.apache.org/log4j/'>

    <appender name="STDOUT" class="org.apache.log4j.ConsoleAppender">
        <layout class="org.apache.log4j.PatternLayout">
            <param name="ConversionPattern"
                    value="%d %-5p [%t] %C{2} (%F:%L) - %m%n"/>
        </layout>	    
    </appender>
	
    <!--
   	<appender name="XxxWebApp" class="org.apache.log4j.DailyRollingFileAppender">
       <param name="file" value="/usr/local/Glassfish/glassfish/nodes/sknavi/logs/xxx/XxxWebApp.log" />
       <param name="append" value="true" />
       <layout class="org.apache.log4j.PatternLayout">
           <param name="ConversionPattern"
          		    value="%d %-5p [%t] %C{2} (%F:%L) - %m%n"/>
       </layout>
   	</appender>
    -->
        
    <appender name="NULLAPP" class="org.apache.log4j.varia.NullAppender">
    </appender>
	
    <category name="jp.co.nii">
        <priority value="info" />
        <appender-ref ref="STDOUT" />
    </category>
        
    <root>
        <priority value ="warn" />
        <appender-ref ref="NULLAPP" />
    </root>

    <!--
           	<root>
           	   <priority value ="warn" />
           	   <appender-ref ref="STDOUT" />
           	</root>
    -->
    
      <!-- コネクションの確立/切断 -->
      <logger name="jdbc.connection" additivity="false" level="off" />
      <!-- ResultSet に関する呼び出しを除く全ての JDBC の呼び出し -->
      <logger name="jdbc.audit" additivity="false" level="off" />
      <!-- ResultSet に関する呼び出し -->
      <logger name="jdbc.resultset" additivity="false" level="off" />
      <!-- SQL が実行される直前 -->
      <logger name="jdbc.sqltiming" additivity="false" level="off" />
      <!-- 実行される SQL -->
      <logger name="jdbc.sqlonly" additivity="true" level="info" />
      <!-- log4jdbc 自身のデバッグメッセージ -->
      <logger name="jdbc.debug" additivity="false" level="off" />

</log4j:configuration>
